time;qtc
1;405
2;420
3;433
4;402
5;367
6;430
7;394
8;393
9;433
10;393
11;430
12;413
13;393
14;367
15;376
16;409
17;399
18;383
19;393
20;436
21;423
22;383
23;424
24;437
25;374
26;431
27;439
28;414
29;387
30;417
31;363
32;388
33;391
34;416
35;404
36;360
37;360
38;404
39;418
40;394
41;390
42;397
43;363
44;430
45;437
46;412
47;408
48;406
49;387
50;426
51;398
52;435
53;401
54;378
55;414
56;383
57;394
58;378
59;386
60;438
61;418
62;431
63;407
64;385
65;377
66;382
67;373
68;363
69;374
70;377
71;425
72;409
73;423
74;415
75;429
76;392
77;414
78;376
79;397
80;360
81;388
82;371
83;363
84;407
85;427
86;409
87;436
88;395
89;407
90;360
91;407
92;377
93;360
94;397
95;431
96;427
97;391
98;434
99;384
100;407
101;401
102;382
103;399
104;407
105;437
106;413
107;391
108;427
109;390
110;374
111;398
112;380
113;425
114;431
115;438
116;439
117;401
118;415
119;368
120;428
121;375
122;417
123;361
124;376
125;422
126;414
127;412
128;414
129;414
130;424
131;379
132;428
133;406
134;423
135;430
136;426
137;409
138;364
139;375
140;439
141;406
142;386
143;429
144;365
145;411
146;369
147;401
148;379
149;409
150;380
151;384
152;430
153;386
154;410
155;385
156;366
157;408
158;405
159;433
160;385
161;404
162;372
163;437
164;404
165;383
166;421
167;377
168;385
169;379
170;373
171;433
172;369
173;402
174;410
175;367
176;391
177;378
178;430
179;363
180;397
181;429
182;380
183;402
184;414
185;414
186;395
187;376
188;435
189;419
190;397
191;438
192;364
193;378
194;436
195;364
196;402
197;435
198;375
199;365
200;377
201;429
202;360
203;410
204;363
205;408
206;395
207;370
208;390
209;403
210;403
211;398
212;369
213;392
214;363
215;362
216;405
217;397
218;419
219;430
220;393
221;422
222;372
223;379
224;376
225;428
226;400
227;424
228;411
229;417
230;385
231;396
232;384
233;370
234;360
235;392
236;380
237;390
238;379
239;367
240;408
241;422
242;378
243;372
244;374
245;404
246;384
247;382
248;440
249;380
250;418
251;407
252;392
253;371
254;438
255;439
256;360
257;424
258;376
259;408
260;425
261;364
262;385
263;428
264;402
265;361
266;373
267;362
268;384
269;404
270;436
271;435
272;367
273;394
274;415
275;382
276;362
277;381
278;385
279;389
280;427
281;377
282;383
283;374
284;364
285;386
286;401
287;387
288;424
289;424
290;371
291;417
292;372
293;399
294;419
295;397
296;419
297;371
298;430
299;403
300;410
301;402
302;438
303;383
304;371
305;413
306;393
307;378
308;420
309;435
310;429
311;426
312;382
313;395
314;435
315;372
316;366
317;375
318;434
319;424
320;432
321;413
322;435
323;414
324;390
325;422
326;378
327;415
328;394
329;395
330;361
331;413
332;406
333;440
334;437
335;434
336;431
337;362
338;429
339;388
340;360
341;439
342;429
343;396
344;378
345;360
346;435
347;416
348;412
349;389
350;391
351;415
352;364
353;439
354;374
355;384
356;380
357;410
358;377
359;420
360;439
361;389
362;429
363;388
364;432
365;410
366;412
367;406
368;420
369;433
370;409
371;422
372;405
373;404
374;390
375;430
376;416
377;405
378;360
379;388
380;437
381;380
382;369
383;391
384;440
385;376
386;420
387;412
388;363
389;416
390;413
391;418
392;436
393;413
394;384
395;415
396;407
397;420
398;409
399;379
400;410
401;419
402;372
403;384
404;373
405;367
406;361
407;404
408;367
409;430
410;418
411;382
412;368
413;363
414;393
415;380
416;382
417;404
418;400
419;392
420;365
421;379
422;376
423;414
424;416
425;383
426;423
427;384
428;404
429;440
430;430
431;378
432;402
433;384
434;437
435;403
436;401
437;397
438;419
439;409
440;415
441;384
442;362
443;422
444;374
445;407
446;375
447;383
448;367
449;419
450;414
451;392
452;380
453;360
454;420
455;391
456;408
457;372
458;436
459;402
460;426
461;369
462;388
463;436
464;418
465;406
466;372
467;372
468;389
469;378
470;407
471;366
472;366
473;414
474;405
475;425
476;384
477;437
478;436
479;402
480;372
481;430
482;393
483;374
484;411
485;420
486;405
487;377
488;433
489;407
490;382
491;401
492;434
493;428
494;418
495;386
496;428
497;377
498;386
499;430
500;426
501;381
502;418
503;379
504;379
505;420
506;424
507;367
508;376
509;376
510;390
511;391
512;403
513;433
514;437
515;403
516;364
517;389
518;412
519;423
520;377
521;413
522;360
523;435
524;408
525;371
526;375
527;407
528;375
529;397
530;390
531;402
532;390
533;383
534;387
535;392
536;437
537;395
538;363
539;362
540;377
541;374
542;439
543;369
544;439
545;400
546;405
547;376
548;392
549;436
550;391
551;417
552;434
553;419
554;377
555;427
556;427
557;415
558;396
559;380
560;411
561;418
562;428
563;430
564;426
565;412
566;434
567;393
568;399
569;416
570;415
571;418
572;374
573;389
574;372
575;433
576;405
577;410
578;406
579;406
580;417
581;379
582;375
583;438
584;385
585;370
586;409
587;385
588;395
589;418
590;403
591;381
592;405
593;387
594;424
595;388
596;374
597;395
598;429
599;428
600;364
601;367
602;365
603;369
604;385
605;376
606;412
607;408
608;372
609;434
610;411
611;371
612;364
613;391
614;400
615;385
616;424
617;397
618;415
619;393
620;430
621;360
622;365
623;377
624;384
625;371
626;425
627;405
628;395
629;399
630;430
631;417
632;435
633;396
634;405
635;368
636;417
637;440
638;429
639;416
640;391
641;405
642;381
643;370
644;426
645;375
646;386
647;401
648;412
649;390
650;421
651;431
652;395
653;366
654;429
655;406
656;415
657;387
658;419
659;436
660;378
661;409
662;405
663;417
664;433
665;377
666;422
667;394
668;424
669;429
670;361
671;378
672;363
673;362
674;428
675;391
676;400
677;370
678;364
679;393
680;439
681;430
682;365
683;378
684;367
685;415
686;382
687;429
688;375
689;435
690;405
691;372
692;361
693;411
694;366
695;414
696;412
697;371
698;400
699;438
700;378
701;413
702;367
703;412
704;439
705;373
706;403
707;368
708;369
709;420
710;379
711;394
712;393
713;387
714;408
715;393
716;416
717;395
718;369
719;401
720;383
721;390
722;404
723;396
724;370
725;397
726;387
727;401
728;371
729;404
730;418
731;438
732;396
733;367
734;418
735;413
736;376
737;395
738;374
739;409
740;424
741;431
742;369
743;367
744;395
745;428
746;398
747;403
748;380
749;384
750;423
751;426
752;396
753;398
754;397
755;396
756;365
757;392
758;417
759;399
760;404
761;375
762;428
763;427
764;393
765;384
766;426
767;418
768;423
769;367
770;379
771;420
772;392
773;394
774;397
775;381
776;423
777;409
778;411
779;404
780;383
781;370
782;385
783;437
784;430
785;361
786;431
787;364
788;364
789;395
790;388
791;413
792;360
793;382
794;413
795;374
796;409
797;416
798;416
799;406
800;432
801;417
802;381
803;398
804;398
805;390
806;377
807;437
808;364
809;388
810;405
811;381
812;410
813;371
814;429
815;404
816;387
817;395
818;396
819;369
820;439
821;409
822;369
823;372
824;380
825;419
826;411
827;423
828;380
829;369
830;438
831;362
832;363
833;400
834;402
835;427
836;433
837;419
838;379
839;371
840;410
841;378
842;422
843;403
844;360
845;428
846;360
847;410
848;363
849;393
850;437
851;389
852;390
853;380
854;389
855;433
856;377
857;392
858;397
859;377
860;379
861;396
862;379
863;389
864;438
865;386
866;381
867;371
868;392
869;371
870;390
871;419
872;422
873;409
874;386
875;383
876;417
877;437
878;370
879;385
880;429
881;376
882;381
883;438
884;415
885;437
886;406
887;416
888;429
889;407
890;415
891;364
892;406
893;365
894;411
895;399
896;382
897;425
898;371
899;419
900;399
901;392
902;420
903;368
904;434
905;378
906;412
907;389
908;394
909;364
910;375
911;412
912;387
913;410
914;396
915;380
916;379
917;362
918;404
919;431
920;414
921;401
922;425
923;373
924;366
925;430
926;370
927;421
928;437
929;381
930;422
931;435
932;374
933;362
934;434
935;431
936;366
937;364
938;412
939;383
940;371
941;373
942;377
943;434
944;375
945;362
946;391
947;426
948;424
949;376
950;372
951;411
952;406
953;434
954;372
955;433
956;364
957;408
958;422
959;368
960;421
961;433
962;386
963;396
964;435
965;421
966;366
967;402
968;433
969;419
970;394
971;399
972;406
973;418
974;429
975;434
976;374
977;376
978;407
979;416
980;426
981;416
982;437
983;418
984;430
985;392
986;376
987;415
988;405
989;383
990;367
991;426
992;394
993;439
994;366
995;425
996;363
997;407
998;412
999;363
1000;409
1001;386
1002;399
1003;436
1004;396
1005;409
1006;421
1007;436
1008;405
1009;380
1010;433
1011;406
1012;438
1013;378
1014;396
1015;437
1016;360
1017;389
1018;385
1019;373
1020;376
1021;406
1022;411
1023;368
1024;391
1025;416
1026;430
1027;377
1028;400
1029;418
1030;380
1031;380
1032;414
1033;375
1034;400
1035;423
1036;395
1037;410
1038;440
1039;424
1040;391
1041;410
1042;427
1043;393
1044;388
1045;413
1046;381
1047;387
1048;380
1049;433
1050;374
1051;386
1052;389
1053;430
1054;405
1055;405
1056;419
1057;410
1058;375
1059;414
1060;363
1061;429
1062;413
1063;438
1064;396
1065;433
1066;425
1067;425
1068;419
1069;414
1070;432
1071;415
1072;430
1073;437
1074;404
1075;440
1076;438
1077;401
1078;373
1079;436
1080;431
1081;434
1082;368
1083;391
1084;426
1085;387
1086;395
1087;389
1088;395
1089;371
1090;404
1091;408
1092;392
1093;404
1094;410
1095;366
1096;380
1097;376
1098;390
1099;410
1100;367
1101;406
1102;390
1103;408
1104;422
1105;415
1106;423
1107;375
1108;415
1109;368
1110;415
1111;416
1112;406
1113;396
1114;364
1115;413
1116;410
1117;404
1118;431
1119;422
1120;411
1121;382
1122;390
1123;378
1124;366
1125;383
1126;420
1127;372
1128;360
1129;389
1130;385
1131;420
1132;406
1133;433
1134;427
1135;416
1136;422
1137;432
1138;401
1139;415
1140;364
1141;373
1142;427
1143;364
1144;366
1145;398
1146;435
1147;426
1148;379
1149;360
1150;380
1151;436
1152;427
1153;375
1154;393
1155;378
1156;405
1157;360
1158;384
1159;378
1160;360
1161;406
1162;409
1163;407
1164;421
1165;413
1166;370
1167;403
1168;392
1169;399
1170;434
1171;415
1172;361
1173;432
1174;379
1175;402
1176;440
1177;381
1178;382
1179;365
1180;437
1181;364
1182;424
1183;430
1184;421
1185;424
1186;399
1187;403
1188;374
1189;435
1190;436
1191;431
1192;363
1193;399
1194;428
1195;380
1196;370
1197;401
1198;410
1199;371
1200;383
1201;422
1202;439
1203;364
1204;429
1205;438
1206;402
1207;428
1208;394
1209;436
1210;391
1211;372
1212;433
1213;390
1214;439
1215;386
1216;387
1217;417
1218;422
1219;376
1220;363
1221;362
1222;439
1223;433
1224;406
1225;381
1226;386
1227;417
1228;426
1229;377
1230;375
1231;375
1232;422
1233;408
1234;419
1235;384
1236;366
1237;435
1238;409
1239;438
1240;363
1241;367
1242;384
1243;399
1244;423
1245;365
1246;386
1247;375
1248;405
1249;408
1250;381
1251;430
1252;370
1253;413
1254;373
1255;390
1256;366
1257;420
1258;365
1259;423
1260;363
1261;422
1262;397
1263;385
1264;381
1265;396
1266;424
1267;362
1268;405
1269;393
1270;363
1271;431
1272;389
1273;360
1274;423
1275;374
1276;419
1277;419
1278;428
1279;432
1280;412
1281;391
1282;364
1283;381
1284;369
1285;372
1286;391
1287;371
1288;400
1289;419
1290;377
1291;401
1292;372
1293;399
1294;430
1295;413
1296;364
1297;368
1298;391
1299;390
1300;421
1301;439
1302;423
1303;367
1304;413
1305;370
1306;402
1307;413
1308;426
1309;439
1310;416
1311;360
1312;370
1313;408
1314;368
1315;396
1316;366
1317;371
1318;373
1319;392
1320;437
1321;407
1322;435
1323;421
1324;371
1325;432
1326;435
1327;371
1328;431
1329;420
1330;429
1331;403
1332;431
1333;375
1334;424
1335;362
1336;435
1337;431
1338;371
1339;433
1340;397
1341;402
1342;392
1343;394
1344;435
1345;399
1346;428
1347;395
1348;382
1349;372
1350;432
1351;403
1352;422
1353;400
1354;404
1355;436
1356;398
1357;427
1358;383
1359;434
1360;409
1361;385
1362;375
1363;364
1364;403
1365;425
1366;418
1367;366
1368;369
1369;418
1370;419
1371;362
1372;413
1373;415
1374;386
1375;430
1376;382
1377;371
1378;376
1379;385
1380;382
1381;372
1382;372
1383;412
1384;409
1385;421
1386;399
1387;385
1388;391
1389;424
1390;413
1391;387
1392;421
1393;423
1394;437
1395;407
1396;376
1397;440
1398;381
1399;396
1400;406
1401;433
1402;383
1403;381
1404;437
1405;371
1406;379
1407;423
1408;396
1409;433
1410;415
1411;360
1412;435
1413;435
1414;423
1415;397
1416;401
1417;429
1418;361
1419;424
1420;401
1421;393
1422;396
1423;367
1424;369
1425;360
1426;385
1427;413
1428;390
1429;419
1430;377
1431;422
1432;398
1433;371
1434;385
1435;428
1436;423
1437;402
1438;380
1439;438
1440;396
1441;387
1442;422
1443;379
1444;420
1445;379
1446;400
1447;423
1448;425
1449;362
1450;423
1451;417
1452;366
1453;422
1454;431
1455;378
1456;420
1457;379
1458;395
1459;438
1460;397
1461;360
1462;408
1463;409
1464;362
1465;378
1466;367
1467;360
1468;398
1469;372
1470;420
1471;383
1472;378
1473;430
1474;427
1475;416
1476;436
1477;432
1478;415
1479;418
1480;393
1481;403
1482;421
1483;378
1484;434
1485;408
1486;370
1487;374
1488;371
1489;433
1490;423
1491;381
1492;375
1493;377
1494;370
1495;374
1496;386
1497;402
1498;389
1499;387
1500;397
1501;395
1502;360
1503;371
1504;407
1505;431
1506;437
1507;379
1508;424
1509;416
1510;364
1511;431
1512;427
1513;424
1514;389
1515;402
1516;390
1517;415
1518;383
1519;382
1520;396
1521;377
1522;409
1523;408
1524;417
1525;414
1526;413
1527;390
1528;437
1529;398
1530;383
1531;396
1532;390
1533;422
1534;425
1535;379
1536;378
1537;432
1538;392
1539;371
1540;374
1541;425
1542;433
1543;369
1544;421
1545;365
1546;361
1547;376
1548;388
1549;404
1550;430
1551;404
1552;387
1553;436
1554;440
1555;414
1556;429
1557;387
1558;436
1559;421
1560;384
1561;378
1562;401
1563;404
1564;387
1565;417
1566;388
1567;413
1568;406
1569;433
1570;402
1571;435
1572;429
1573;424
1574;368
1575;389
1576;381
1577;416
1578;377
1579;415
1580;397
1581;440
1582;432
1583;369
1584;397
1585;408
1586;406
1587;416
1588;396
1589;395
1590;438
1591;430
1592;436
1593;418
1594;418
1595;410
1596;394
1597;415
1598;440
1599;381
1600;379
1601;417
1602;440
1603;407
1604;401
1605;404
1606;435
1607;428
1608;409
1609;382
1610;403
1611;417
1612;436
1613;412
1614;422
1615;406
1616;360
1617;364
1618;407
1619;433
1620;409
1621;385
1622;390
1623;382
1624;430
1625;366
1626;431
1627;424
1628;368
1629;428
1630;401
1631;417
1632;418
1633;364
1634;402
1635;410
1636;426
1637;407
1638;421
1639;418
1640;426
1641;403
1642;395
1643;411
1644;394
1645;401
1646;414
1647;438
1648;412
1649;417
1650;424
1651;439
1652;427
1653;416
1654;431
1655;367
1656;361
1657;413
1658;405
1659;363
1660;372
1661;371
1662;404
1663;439
1664;432
1665;431
1666;365
1667;413
1668;365
1669;418
1670;421
1671;393
1672;413
1673;411
1674;400
1675;365
1676;366
1677;423
1678;393
1679;428
1680;408
1681;387
1682;429
1683;387
1684;362
1685;372
1686;422
1687;398
1688;394
1689;422
1690;437
1691;404
1692;430
1693;360
1694;414
1695;361
1696;368
1697;387
1698;439
1699;425
1700;379
1701;440
1702;418
1703;372
1704;363
1705;399
1706;418
1707;418
1708;404
1709;434
1710;420
1711;378
1712;362
1713;413
1714;408
1715;421
1716;428
1717;382
1718;439
1719;427
1720;400
1721;425
1722;386
1723;431
1724;437
1725;362
1726;363
1727;383
1728;389
1729;389
1730;380
1731;393
1732;394
1733;413
1734;408
1735;366
1736;432
1737;366
1738;423
1739;365
1740;363
1741;393
1742;421
1743;411
1744;405
1745;395
1746;400
1747;369
1748;378
1749;392
1750;374
1751;407
1752;401
1753;386
1754;415
1755;414
1756;376
1757;426
1758;380
1759;360
1760;418
1761;413
1762;425
1763;388
1764;428
1765;376
1766;429
1767;408
1768;412
1769;383
1770;378
1771;436
1772;421
1773;368
1774;417
1775;365
1776;418
1777;430
1778;378
1779;390
1780;438
1781;412
1782;404
1783;372
1784;395
1785;419
1786;389
1787;368
1788;435
1789;412
1790;420
1791;387
1792;370
1793;428
1794;440
1795;435
1796;374
1797;393
1798;409
1799;410
1800;426
1801;370
1802;370
1803;411
1804;419
1805;408
1806;363
1807;417
1808;361
1809;433
1810;377
1811;374
1812;374
1813;390
1814;411
1815;373
1816;427
1817;377
1818;365
1819;366
1820;411
1821;360
1822;409
1823;407
1824;412
1825;395
1826;382
1827;371
1828;413
1829;406
1830;381
1831;367
1832;392
1833;408
1834;363
1835;387
1836;377
1837;376
1838;419
1839;403
1840;422
1841;403
1842;434
1843;418
1844;419
1845;408
1846;372
1847;382
1848;373
1849;394
1850;364
1851;431
1852;376
1853;375
1854;376
1855;383
1856;404
1857;377
1858;379
1859;418
1860;403
1861;379
1862;364
1863;365
1864;373
1865;430
1866;428
1867;431
1868;428
1869;403
1870;419
1871;382
1872;394
1873;360
1874;414
1875;375
1876;423
1877;362
1878;370
1879;364
1880;410
1881;386
1882;369
1883;428
1884;418
1885;370
1886;438
1887;421
1888;381
1889;375
1890;368
1891;435
1892;381
1893;362
1894;373
1895;370
1896;394
1897;407
1898;366
1899;364
1900;364
1901;397
1902;439
1903;378
1904;418
1905;410
1906;402
1907;401
1908;421
1909;380
1910;374
1911;383
1912;419
1913;390
1914;377
1915;369
1916;380
1917;363
1918;362
1919;409
1920;423
1921;434
1922;379
1923;422
1924;438
1925;382
1926;417
1927;369
1928;397
1929;369
1930;401
1931;430
1932;439
1933;394
1934;400
1935;380
1936;416
1937;363
1938;436
1939;408
1940;362
1941;412
1942;421
1943;372
1944;414
1945;404
1946;404
1947;418
1948;403
1949;387
1950;416
1951;397
1952;393
1953;404
1954;406
1955;403
1956;367
1957;421
1958;426
1959;380
1960;429
1961;380
1962;397
1963;402
1964;417
1965;376
1966;413
1967;398
1968;418
1969;373
1970;373
1971;427
1972;362
1973;365
1974;409
1975;423
1976;430
1977;433
1978;419
1979;385
1980;395
1981;435
1982;435
1983;379
1984;384
1985;410
1986;390
1987;372
1988;403
1989;381
1990;398
1991;398
1992;383
1993;402
1994;396
1995;401
1996;412
1997;390
1998;383
1999;368
2000;364
2001;395
2002;437
2003;401
2004;439
2005;371
2006;430
2007;372
2008;409
2009;374
2010;434
2011;409
2012;392
2013;428
2014;435
2015;363
2016;431
2017;419
2018;388
2019;437
2020;431
2021;367
2022;371
2023;428
2024;390
2025;403
2026;408
2027;410
2028;398
2029;397
2030;432
2031;370
2032;364
2033;366
2034;435
2035;378
2036;438
2037;401
2038;427
2039;361
2040;422
2041;413
2042;378
2043;379
2044;420
2045;382
2046;386
2047;376
2048;375
2049;387
2050;398
2051;387
2052;440
2053;418
2054;378
2055;413
2056;415
2057;425
2058;396
2059;427
2060;404
2061;364
2062;360
2063;382
2064;420
2065;369
2066;379
2067;440
2068;391
2069;426
2070;373
2071;408
2072;429
2073;440
2074;388
2075;437
2076;421
2077;385
2078;374
2079;415
2080;365
2081;425
2082;400
2083;432
2084;393
2085;433
2086;412
2087;383
2088;379
2089;383
2090;417
2091;371
2092;403
2093;369
2094;388
2095;422
2096;383
2097;422
2098;385
2099;375
2100;373
2101;420
2102;423
2103;426
2104;379
2105;408
2106;376
2107;419
2108;378
2109;385
2110;373
2111;361
2112;412
2113;422
2114;368
2115;384
2116;385
2117;369
2118;374
2119;386
2120;405
2121;404
2122;414
2123;428
2124;366
2125;361
2126;411
2127;423
2128;377
2129;422
2130;440
2131;440
2132;360
2133;409
2134;388
2135;436
2136;415
2137;419
2138;412
2139;425
2140;399
2141;411
2142;411
2143;408
2144;397
2145;387
2146;422
2147;380
2148;379
2149;369
2150;390
2151;412
2152;437
2153;401
2154;387
2155;363
2156;395
2157;375
2158;364
2159;364
2160;399
2161;393
2162;426
2163;401
2164;437
2165;380
2166;435
2167;418
2168;364
2169;435
2170;427
2171;375
2172;366
2173;409
2174;377
2175;371
2176;389
2177;413
2178;420
2179;384
2180;380
2181;431
2182;369
2183;361
2184;407
2185;417
2186;421
2187;418
2188;373
2189;423
2190;430
2191;423
2192;440
2193;412
2194;414
2195;440
2196;380
2197;360
2198;375
2199;425
2200;361
2201;371
2202;378
2203;431
2204;404
2205;393
2206;403
2207;371
2208;435
2209;402
2210;384
2211;384
2212;379
2213;415
2214;424
2215;361
2216;360
2217;437
2218;432
2219;364
2220;398
2221;370
2222;400
2223;394
2224;376
2225;369
2226;394
2227;434
2228;395
2229;381
2230;368
2231;368
2232;439
2233;392
2234;371
2235;394
2236;392
2237;384
2238;430
2239;418
2240;373
2241;385
2242;369
2243;372
2244;389
2245;436
2246;407
2247;420
2248;439
2249;418
2250;433
2251;410
2252;400
2253;370
2254;382
2255;387
2256;385
2257;401
2258;386
2259;396
2260;407
2261;370
2262;381
2263;430
2264;408
2265;381
2266;378
2267;422
2268;413
2269;384
2270;363
2271;363
2272;388
2273;382
2274;410
2275;392
2276;399
2277;390
2278;429
2279;373
2280;426
2281;392
2282;425
2283;401
2284;423
2285;379
2286;365
2287;424
2288;387
2289;389
2290;384
2291;400
2292;409
2293;367
2294;368
2295;375
2296;368
2297;412
2298;365
2299;429
2300;431
2301;432
2302;410
2303;427
2304;390
2305;367
2306;410
2307;385
2308;396
2309;420
2310;408
2311;367
2312;405
2313;407
2314;412
2315;407
2316;408
2317;410
2318;391
2319;396
2320;377
2321;435
2322;373
2323;370
2324;370
2325;420
2326;368
2327;394
2328;377
2329;392
2330;366
2331;399
2332;418
2333;384
2334;387
2335;369
2336;360
2337;379
2338;406
2339;367
2340;439
2341;400
2342;420
2343;366
2344;392
2345;377
2346;436
2347;434
2348;385
2349;364
2350;434
2351;434
2352;408
2353;400
2354;420
2355;371
2356;387
2357;363
2358;419
2359;431
2360;380
2361;368
2362;360
2363;400
2364;409
2365;366
2366;428
2367;409
2368;428
2369;432
2370;363
2371;363
2372;415
2373;364
2374;366
2375;381
2376;407
2377;365
2378;402
2379;404
2380;374
2381;399
2382;413
2383;420
2384;391
2385;403
2386;429
2387;365
2388;439
2389;421
2390;410
2391;424
2392;420
2393;437
2394;362
2395;397
2396;375
2397;397
2398;416
2399;404
2400;431
2401;406
2402;388
2403;379
2404;410
2405;378
2406;392
2407;433
2408;411
2409;366
2410;375
2411;418
2412;367
2413;361
2414;440
2415;365
2416;376
2417;413
2418;431
2419;360
2420;410
2421;394
2422;423
2423;392
2424;430
2425;405
2426;373
2427;413
2428;419
2429;393
2430;423
2431;371
2432;427
2433;425
2434;432
2435;392
2436;376
2437;403
2438;393
2439;398
2440;406
2441;389
2442;420
2443;407
2444;415
2445;368
2446;402
2447;421
2448;434
2449;432
2450;435
2451;410
2452;367
2453;435
2454;437
2455;407
2456;432
2457;396
2458;424
2459;380
2460;398
2461;375
2462;387
2463;380
2464;420
2465;430
2466;439
2467;439
2468;387
2469;410
2470;408
2471;414
2472;398
2473;400
2474;392
2475;378
2476;374
2477;437
2478;424
2479;436
2480;413
2481;407
2482;366
2483;400
2484;432
2485;402
2486;396
2487;363
2488;430
2489;365
2490;414
2491;413
2492;435
2493;388
2494;364
2495;427
2496;364
2497;383
2498;393
2499;440
2500;365
2501;376
2502;381
2503;366
2504;371
2505;361
2506;375
2507;398
2508;438
2509;421
2510;413
2511;377
2512;422
2513;428
2514;412
2515;436
2516;375
2517;418
2518;392
2519;370
2520;390
2521;429
2522;395
2523;409
2524;397
2525;398
2526;360
2527;365
2528;393
2529;399
2530;371
2531;364
2532;363
2533;417
2534;401
2535;409
2536;431
2537;378
2538;378
2539;380
2540;411
2541;375
2542;378
2543;407
2544;404
2545;434
2546;431
2547;434
2548;437
2549;395
2550;433
2551;387
2552;429
2553;381
2554;427
2555;395
2556;434
2557;390
2558;439
2559;410
2560;422
2561;422
2562;421
2563;432
2564;366
2565;393
2566;381
2567;410
2568;424
2569;378
2570;419
2571;423
2572;388
2573;390
2574;385
2575;394
2576;421
2577;376
2578;436
2579;411
2580;405
2581;379
2582;428
2583;382
2584;426
2585;418
2586;381
2587;386
2588;430
2589;435
2590;420
2591;367
2592;417
2593;365
2594;394
2595;374
2596;367
2597;404
2598;424
2599;404
2600;434
2601;433
2602;368
2603;411
2604;407
2605;401
2606;421
2607;414
2608;390
2609;411
2610;385
2611;395
2612;406
2613;436
2614;413
2615;373
2616;394
2617;363
2618;382
2619;424
2620;369
2621;420
2622;423
2623;395
2624;420
2625;429
2626;365
2627;371
2628;422
2629;417
2630;388
2631;424
2632;392
2633;377
2634;399
2635;435
2636;435
2637;434
2638;369
2639;368
2640;366
2641;403
2642;407
2643;406
2644;435
2645;414
2646;420
2647;373
2648;426
2649;439
2650;377
2651;365
2652;386
2653;388
2654;367
2655;379
2656;396
2657;389
2658;361
2659;417
2660;361
2661;379
2662;391
2663;414
2664;366
2665;398
2666;361
2667;387
2668;407
2669;419
2670;389
2671;432
2672;374
2673;388
2674;406
2675;424
2676;373
2677;416
2678;399
2679;439
2680;419
2681;362
2682;418
2683;409
2684;417
2685;422
2686;388
2687;374
2688;416
2689;433
2690;361
2691;405
2692;388
2693;413
2694;389
2695;418
2696;360
2697;394
2698;396
2699;430
2700;421
2701;437
2702;370
2703;409
2704;371
2705;417
2706;434
2707;360
2708;419
2709;362
2710;365
2711;379
2712;379
2713;388
2714;427
2715;391
2716;379
2717;370
2718;367
2719;367
2720;379
2721;435
2722;377
2723;364
2724;365
2725;410
2726;414
2727;397
2728;432
2729;440
2730;439
2731;376
2732;423
2733;403
2734;364
2735;427
2736;369
2737;373
2738;406
2739;388
2740;425
2741;389
2742;413
2743;402
2744;399
2745;430
2746;427
2747;363
2748;421
2749;369
2750;386
2751;428
2752;394
2753;391
2754;415
2755;424
2756;410
2757;365
2758;431
2759;379
2760;390
2761;375
2762;389
2763;370
2764;393
2765;371
2766;392
2767;378
2768;389
2769;410
2770;375
2771;416
2772;388
2773;417
2774;430
2775;424
2776;435
2777;418
2778;369
2779;392
2780;364
2781;429
2782;380
2783;411
2784;374
2785;362
2786;366
2787;376
2788;403
2789;427
2790;433
2791;426
2792;385
2793;413
2794;410
2795;377
2796;401
2797;373
2798;399
2799;405
2800;370
2801;436
2802;437
2803;434
2804;416
2805;395
2806;427
2807;440
2808;371
2809;434
2810;433
2811;419
2812;367
2813;422
2814;418
2815;440
2816;395
2817;391
2818;374
2819;376
2820;426
2821;395
2822;399
2823;402
2824;387
2825;398
2826;420
2827;432
2828;362
2829;437
2830;424
2831;366
2832;416
2833;436
2834;378
2835;397
2836;419
2837;371
2838;429
2839;392
2840;420
2841;364
2842;428
2843;380
2844;439
2845;424
2846;367
2847;383
2848;391
2849;403
2850;402
2851;435
2852;430
2853;371
2854;374
2855;389
2856;417
2857;410
2858;417
2859;364
2860;363
2861;391
2862;434
2863;367
2864;387
2865;431
2866;430
2867;381
2868;425
2869;406
2870;368
2871;395
2872;377
2873;415
2874;385
2875;381
2876;381
2877;391
2878;436
2879;385
2880;428
2881;413
2882;388
2883;421
2884;380
2885;362
2886;393
2887;439
2888;406
2889;417
2890;365
2891;418
2892;373
2893;407
2894;436
2895;372
2896;430
2897;410
2898;381
2899;439
2900;395
2901;433
2902;426
2903;436
2904;391
2905;406
2906;413
2907;370
2908;381
2909;381
2910;418
2911;425
2912;387
2913;429
2914;381
2915;425
2916;420
2917;393
2918;379
2919;382
2920;385
2921;390
2922;368
2923;412
2924;404
2925;389
2926;366
2927;379
2928;423
2929;382
2930;437
2931;431
2932;390
2933;379
2934;374
2935;438
2936;408
2937;418
2938;364
2939;392
2940;375
2941;423
2942;386
2943;418
2944;398
2945;398
2946;424
2947;403
2948;383
2949;376
2950;409
2951;425
2952;399
2953;384
2954;428
2955;421
2956;367
2957;378
2958;411
2959;412
2960;407
2961;378
2962;374
2963;389
2964;371
2965;416
2966;406
2967;402
2968;388
2969;390
2970;430
2971;412
2972;379
2973;387
2974;437
2975;392
2976;393
2977;411
2978;439
2979;393
2980;361
2981;430
2982;426
2983;417
2984;392
2985;421
2986;417
2987;375
2988;434
2989;437
2990;393
2991;367
2992;368
2993;400
2994;376
2995;432
2996;406
2997;431
2998;428
2999;413
3000;427
3001;466
3002;476
3003;494
3004;495
3005;480
3006;463
3007;471
3008;479
3009;454
3010;453
3011;456
3012;486
3013;464
3014;454
3015;488
3016;483
3017;497
3018;458
3019;498
3020;483
3021;457
3022;477
3023;496
3024;457
3025;487
3026;499
3027;500
3028;484
3029;457
3030;473
3031;476
3032;497
3033;459
3034;475
3035;473
3036;476
3037;463
3038;466
3039;487
3040;451
3041;480
3042;475
3043;454
3044;477
3045;487
3046;468
3047;491
3048;478
3049;464
3050;486
3051;453
3052;462
3053;479
3054;477
3055;492
3056;473
3057;456
3058;485
3059;500
3060;481
3061;468
3062;488
3063;477
3064;498
3065;474
3066;489
3067;500
3068;468
3069;486
3070;454
3071;478
3072;486
3073;478
3074;500
3075;487
3076;489
3077;480
3078;466
3079;482
3080;490
3081;451
3082;468
3083;496
3084;499
3085;466
3086;450
3087;452
3088;477
3089;483
3090;473
3091;465
3092;459
3093;476
3094;471
3095;472
3096;500
3097;492
3098;469
3099;482
3100;458
3101;488
3102;484
3103;497
3104;489
3105;485
3106;484
3107;494
3108;478
3109;467
3110;500
3111;466
3112;454
3113;470
3114;465
3115;461
3116;455
3117;482
3118;484
3119;452
3120;477
3121;500
3122;480
3123;486
3124;488
3125;460
3126;481
3127;480
3128;460
3129;452
3130;472
3131;468
3132;454
3133;494
3134;486
3135;500
3136;453
3137;482
3138;490
3139;485
3140;459
3141;474
3142;457
3143;475
3144;494
3145;482
3146;487
3147;479
3148;450
3149;487
3150;497
3151;496
3152;484
3153;492
3154;467
3155;469
3156;456
3157;476
3158;462
3159;469
3160;451
3161;470
3162;486
3163;482
3164;450
3165;462
3166;475
3167;472
3168;477
3169;465
3170;496
3171;481
3172;466
3173;490
3174;456
3175;496
3176;468
3177;456
3178;490
3179;484
3180;492
3181;476
3182;497
3183;450
3184;484
3185;455
3186;473
3187;466
3188;452
3189;467
3190;451
3191;453
3192;500
3193;487
3194;497
3195;451
3196;471
3197;498
3198;492
3199;465
3200;496
3201;463
3202;468
3203;469
3204;466
3205;485
3206;492
3207;484
3208;498
3209;474
3210;469
3211;492
3212;475
3213;488
3214;494
3215;470
3216;499
3217;497
3218;465
3219;469
3220;482
3221;455
3222;479
3223;458
3224;490
3225;493
3226;492
3227;485
3228;457
3229;473
3230;483
3231;496
3232;473
3233;455
3234;453
3235;494
3236;459
3237;496
3238;484
3239;457
3240;483
3241;490
3242;473
3243;487
3244;489
3245;476
3246;495
3247;455
3248;474
3249;458
3250;486
3251;462
3252;460
3253;476
3254;456
3255;467
3256;477
3257;496
3258;485
3259;471
3260;466
3261;460
3262;470
3263;464
3264;470
3265;497
3266;475
3267;477
3268;497
3269;465
3270;466
3271;460
3272;453
3273;471
3274;488
3275;461
3276;495
3277;483
3278;451
3279;482
3280;469
3281;483
3282;495
3283;473
3284;478
3285;487
3286;466
3287;450
3288;486
3289;500
3290;496
3291;499
3292;472
3293;489
3294;461
3295;499
3296;460
3297;479
3298;456
3299;456
3300;467
3301;507
3302;529
3303;503
3304;530
3305;502
3306;536
3307;504
3308;506
3309;503
3310;529
3311;532
3312;504
3313;520
3314;528
3315;519
3316;514
3317;513
3318;501
3319;538
3320;526
3321;505
3322;504
3323;525
3324;500
3325;505
3326;503
3327;534
3328;513
3329;523
3330;529
3331;517
3332;500
3333;530
3334;511
3335;523
3336;533
3337;528
3338;511
3339;501
3340;518
3341;517
3342;503
3343;535
3344;518
3345;506
3346;522
3347;529
3348;535
3349;505
3350;510
3351;501
3352;508
3353;514
3354;518
3355;535
3356;513
3357;534
3358;508
3359;504
3360;515
3361;519
3362;519
3363;503
3364;532
3365;527
3366;518
3367;513
3368;513
3369;535
3370;540
3371;538
3372;539
3373;535
3374;523
3375;532
3376;505
3377;533
3378;526
3379;522
3380;506
3381;516
3382;516
3383;511
3384;528
3385;528
3386;512
3387;519
3388;518
3389;518
3390;509
3391;507
3392;516
3393;527
3394;524
3395;533
3396;507
3397;502
3398;523
3399;535
3400;536
3401;509
3402;535
3403;517
3404;535
3405;520
3406;521
3407;507
3408;502
3409;507
3410;534
3411;519
3412;531
3413;504
3414;502
3415;517
3416;519
3417;529
3418;527
3419;530
3420;508
3421;511
3422;524
3423;502
3424;518
3425;532
3426;513
3427;512
3428;513
3429;517
3430;510
3431;518
3432;501
3433;528
3434;518
3435;505
3436;502
3437;528
3438;520
3439;539
3440;535
3441;510
3442;502
3443;528
3444;502
3445;520
3446;523
3447;515
3448;506
3449;525
3450;540
3451;505
3452;501
3453;512
3454;537
3455;514
3456;508
3457;517
3458;523
3459;517
3460;539
3461;535
3462;528
3463;509
3464;529
3465;506
3466;540
3467;518
3468;526
3469;540
3470;501
3471;515
3472;517
3473;509
3474;522
3475;508
3476;517
3477;512
3478;517
3479;515
3480;523
3481;513
3482;540
3483;535
3484;515
3485;511
3486;507
3487;506
3488;509
3489;520
3490;524
3491;505
3492;539
3493;519
3494;522
3495;518
3496;509
3497;504
3498;533
3499;528
3500;532
3501;535
3502;535
3503;530
3504;514
3505;533
3506;521
3507;531
3508;523
3509;507
3510;518
3511;539
3512;537
3513;540
3514;503
3515;521
3516;523
3517;501
3518;508
3519;532
3520;530
3521;536
3522;533
3523;523
3524;510
3525;529
3526;512
3527;506
3528;500
3529;527
3530;529
3531;515
3532;512
3533;502
3534;507
3535;505
3536;504
3537;536
3538;511
3539;500
3540;538
3541;518
3542;507
3543;509
3544;534
3545;537
3546;515
3547;524
3548;529
3549;532
3550;516
3551;536
3552;510
3553;537
3554;525
3555;527
3556;518
3557;535
3558;532
3559;539
3560;534
3561;511
3562;538
3563;527
3564;525
3565;516
3566;514
3567;511
3568;519
3569;515
3570;528
3571;518
3572;539
3573;512
3574;513
3575;521
3576;533
3577;501
3578;500
3579;526
3580;500
3581;532
3582;516
3583;527
3584;534
3585;532
3586;503
3587;522
3588;540
3589;529
3590;526
3591;525
3592;522
3593;533
3594;521
3595;500
3596;514
3597;504
3598;539
3599;536
3600;510
